Заявка;Тип заявки BK;Тип заявки HD;Начало;Окончание;Район;Адрес;lat;lon
74198;Подключение;Конвергенция абонента;17.08.2026 20:00;17.08.2026 22:00;Кузьминки;Город Москва, пр-кт.Волгоградский, д. 128 к 5;55.725239;37.686891
50104;Подключение;Заявка на подключение;17.08.2026 18:00;17.08.2026 20:00;Текстильщики;Город Москва, ул.Грайвороновская, д. 10 к 2;55.718355;37.731926
10135;Подключение;Конвергенция абонента;17.08.2026 18:00;17.08.2026 20:00;Рязанский;Город Москва, ул.3-я Институтская, д. 5 к 2;55.721992;37.782190
84627;Подключение;Конвергенция абонента;17.08.2026 20:00;17.08.2026 22:00;Кузьминки;Город Москва, ул.Окская, д. 32;55.714471;37.769522
74949;Подключение;Конвергенция абонента;17.08.2026 10:00;17.08.2026 12:00;Таганский;Город Москва, ул.Международная, д. 28 стр. 1;55.743175;37.687843
87693;Подключение;Конвергенция абонента;17.08.2026 16:00;17.08.2026 18:00;Текстильщики;Город Москва, ул.Чистова, д. 12;55.696506;37.741942
57866;Подключение;Конвергенция абонента;17.08.2026 14:00;17.08.2026 16:00;Рязанский;Город Москва, ул.Окская, д. 48/2;55.717640;37.779401
82388;Подключение;Конвергенция абонента;17.08.2026 14:00;17.08.2026 16:00;Южнопортовый;Город Москва, ул.1-я Дубровская, д. 6;55.726739;37.669561
37272;Подключение;Конвергенция абонента;17.08.2026 10:00;17.08.2026 12:00;Таганский;Город Москва, ул.Талалихина, д. 2/1 к 4;55.736992;37.673345
34366;Подключение;Конвергенция абонента;17.08.2026 10:00;17.08.2026 12:00;Текстильщики;Город Москва, ул.Малышева, д. 13;55.698038;37.743838
94409;Подключение;Конвергенция абонента;17.08.2026 12:00;17.08.2026 14:00;Лефортово;Город Москва, ул.Авиамоторная, д. 14;55.752299;37.716360
52405;Подключение;Конвергенция абонента;17.08.2026 10:00;17.08.2026 12:00;Рязанский;Город Москва, ул.Зарайская, д. 51 к 2;55.727968;37.777224
98182;Подключение;Заявка на подключение;17.08.2026 10:00;17.08.2026 12:00;Нижегородский;Город Москва, ул.Нижегородская, д. 63;55.732455;37.718699
29890;Подключение;Конвергенция абонента;17.08.2026 12:00;17.08.2026 14:00;Нижегородский;Город Москва, ул.Нижегородская, д. 61;55.732503;37.717802
53587;Подключение;Конвергенция абонента;17.08.2026 12:00;17.08.2026 14:00;Текстильщики;Город Москва, ул.Артюхиной, д. 16;55.698497;37.737800
7939;Подключение;Конвергенция абонента;17.08.2026 12:00;17.08.2026 14:00;Рязанский;Город Москва, пр-кт.Рязанский, д. 73;55.718455;37.790255
31260;Дозаказ;Дозаказ оборудования;17.08.2026 20:00;17.08.2026 22:00;Выхино;Город Москва, б-р.Самаркандский Квартал 137а, д. к5;55.700066;37.819357
22634;Дозаказ;Дозаказ оборудования;17.08.2026 14:00;17.08.2026 16:00;Таганский;Город Москва, ул.Стройковская, д. 8;55.734757;37.673780
33527;Дозаказ;Дозаказ оборудования;17.08.2026 10:00;17.08.2026 12:00;Нижегородский;Москва, проезд Орехово-Зуевский, д. 18/8;55.731152;37.753472
47670;Локальная заявка;Нет линка;17.08.2026 20:00;17.08.2026 22:00;Басманный;Город Москва, ул.Машкова, д. 13 стр. 1;55.764253;37.651889
51115;Локальная заявка;Нет линка;17.08.2026 18:00;17.08.2026 20:00;Рязанский;Город Москва, ул.Паперника, д. 18;55.721323;37.793512
43506;Локальная заявка;Переключение на Гбит/с;17.08.2026 20:00;17.08.2026 22:00;Выхино;Город Москва, б-р.Самаркандский Квартал 137а, д. к5;55.700066;37.819357
48227;Локальная заявка;Нет линка;17.08.2026 12:00;17.08.2026 14:00;Таганский;Город Москва, ул.Талалихина, д. 16;55.735500;37.676817
48238;Локальная заявка;Разрывы;17.08.2026 14:00;17.08.2026 16:00;Текстильщики;Город Москва, ул.Артюхиной, д. 3;55.702929;37.737815
4893;Локальная заявка;Нет линка;17.08.2026 12:00;17.08.2026 14:00;Басманный;Город Москва, ул.Земляной Вал, д. 24/30 стр. 1;55.758689;37.657150
50219;Локальная заявка;Нет линка;17.08.2026 10:00;17.08.2026 12:00;Нижегородский;Город Москва, ул.Чистопольская, д. 2 к 2;55.730609;37.758355
47330;Локальная заявка;Роутер. Замена техническим специалистом;17.08.2026 14:00;17.08.2026 16:00;Лефортово;Город Москва, ул.Красноказарменная, д. 9Б стр. 1;55.760324;37.690360
24076;Локальная заявка;Роутер. Замена техническим специалистом;17.08.2026 12:00;17.08.2026 14:00;Таганский;Город Москва, ул.Новорогожская, д. 10;55.740048;37.683249
32807;Локальная заявка;Работа с кабелем;17.08.2026 10:00;17.08.2026 12:00;Кузьминки;Город Москва, ул.Окская, д. 6 к 1;55.718342;37.781763
41962;Глобальная проблема;Информация;17.08.2026 16:00;17.08.2026 18:00;Выхино;г.Город Москва, б-р.Самаркандский, д. 32к1;55.697703;37.812685
97886;Глобальная проблема;Информация;17.08.2026 16:00;17.08.2026 18:00;Выхино;г.Город Москва, б-р.Самаркандский, д. 10к2;55.706487;37.826313
17349;Глобальная проблема;Информация;17.08.2026 14:00;17.08.2026 16:00;Таганский;г.Город Москва, ул.Новорогожская, д. 20;55.740069;37.687941
54964;Глобальная проблема;Информация;17.08.2026 10:00;17.08.2026 12:00;Выхино;г.Город Москва, ул.Ташкентская, д. 16к2;55.703974;37.813063
21367;Глобальная проблема;Авария;17.08.2026 20:00;17.08.2026 22:00;Текстильщики;г.Город Москва, ул.Саратовская, д. 16;55.715001;37.740197
24980;Глобальная проблема;Авария;17.08.2026 10:00;17.08.2026 12:00;Басманный;г.Город Москва, наб.Семеновская, д. 3/1к2;55.778566;37.708261
15648;Глобальная проблема;Информация;17.08.2026 16:00;17.08.2026 18:00;Басманный;г.Город Москва, наб.Семеновская, д. 2/1;55.776862;37.704683
57299;Глобальная проблема;Авария;17.08.2026 20:00;17.08.2026 22:00;Кузьминки;г.Город Москва, пр-кт.Волгоградский, д. 128к1;55.725239;37.686891
Адрес Офиса;г. Москва, ул Юных Ленинцев, д 83с 4;;;;;;;
